sensor_id,timestamp,temperature,humidity,location,sensor_type
1019,2025-04-06 07:46:24,18.99,42.82,BuildingB_Floor2,TypeA
1091,2025-04-06 17:29:40,19.74,66.84,BuildingA_Floor1,TypeC
1055,2025-04-06 05:09:42,17.41,46.0,BuildingA_Floor1,TypeA
1093,2025-04-05 02:08:28,16.09,49.24,BuildingB_Floor2,TypeB
1076,2025-04-06 13:34:50,21.7,36.76,BuildingB_Floor1,TypeB
1092,2025-04-03 09:29:12,20.84,30.89,BuildingA_Floor2,TypeC
1050,2025-04-03 07:29:24,16.71,40.35,BuildingB_Floor1,TypeA
1046,2025-04-05 05:35:36,17.88,48.93,BuildingB_Floor1,TypeA
1015,2025-04-05 04:27:44,22.93,39.48,BuildingB_Floor2,TypeB
1100,2025-04-04 09:11:24,17.94,54.11,BuildingB_Floor1,TypeB
1027,2025-04-06 00:27:57,29.09,53.95,BuildingB_Floor2,TypeA
1096,2025-04-03 10:12:11,28.24,49.09,BuildingB_Floor1,TypeC
1036,2025-04-06 06:28:34,33.96,61.68,BuildingA_Floor1,TypeC
1041,2025-04-06 14:03:18,33.78,58.09,BuildingA_Floor1,TypeA
1029,2025-04-02 19:30:09,32.68,35.3,BuildingA_Floor2,TypeA
1030,2025-04-06 12:14:23,18.23,38.9,BuildingB_Floor1,TypeB
1072,2025-04-03 02:12:31,22.79,69.19,BuildingB_Floor1,TypeC
1067,2025-04-06 20:22:56,22.56,44.03,BuildingA_Floor2,TypeB
1082,2025-04-03 08:07:20,19.92,30.44,BuildingA_Floor2,TypeA
1046,2025-04-07 14:28:47,16.44,62.29,BuildingB_Floor1,TypeB
1074,2025-04-02 23:36:47,21.91,37.15,BuildingA_Floor2,TypeB
1046,2025-04-07 17:45:31,34.39,31.49,BuildingB_Floor1,TypeA
1004,2025-04-04 10:25:47,30.67,60.71,BuildingA_Floor2,TypeB
1006,2025-04-03 13:40:13,31.23,68.85,BuildingB_Floor1,TypeA
1041,2025-04-06 12:45:55,24.96,48.35,BuildingA_Floor2,TypeB
1079,2025-04-06 11:34:36,19.16,59.98,BuildingB_Floor1,TypeC
1024,2025-04-03 07:07:43,17.55,36.39,BuildingB_Floor2,TypeC
1042,2025-04-03 10:25:15,33.16,61.58,BuildingA_Floor1,TypeA
1014,2025-04-06 14:31:35,23.23,31.37,BuildingB_Floor2,TypeC
1033,2025-04-03 11:10:23,24.72,31.45,BuildingA_Floor1,TypeC
1078,2025-04-04 13:45:26,31.77,38.7,BuildingB_Floor1,TypeA
1034,2025-04-05 20:07:33,16.97,71.62,BuildingA_Floor2,TypeB
1095,2025-04-03 07:02:30,30.27,75.21,BuildingB_Floor1,TypeC
1052,2025-04-07 18:12:28,28.26,62.27,BuildingB_Floor1,TypeC
1052,2025-04-04 06:03:13,33.21,63.66,BuildingA_Floor1,TypeA
1029,2025-04-07 09:17:06,15.39,58.2,BuildingA_Floor2,TypeA
1020,2025-04-07 04:45:19,33.41,77.83,BuildingB_Floor1,TypeC
1004,2025-04-05 23:15:15,33.53,72.76,BuildingA_Floor2,TypeC
1073,2025-04-02 23:00:35,20.19,52.51,BuildingA_Floor1,TypeB
1065,2025-04-03 15:18:47,32.26,50.81,BuildingB_Floor2,TypeA
1031,2025-04-05 13:50:53,29.72,65.32,BuildingA_Floor1,TypeC
1029,2025-04-04 15:45:15,34.38,49.48,BuildingA_Floor2,TypeB
1047,2025-04-04 22:32:52,20.4,30.02,BuildingB_Floor1,TypeC
1048,2025-04-03 07:57:29,28.06,78.85,BuildingB_Floor1,TypeA
1018,2025-04-07 04:19:36,18.73,58.87,BuildingB_Floor1,TypeA
1029,2025-04-05 21:22:48,17.21,35.4,BuildingA_Floor2,TypeA
1098,2025-04-03 12:08:07,30.68,77.22,BuildingA_Floor1,TypeA
1071,2025-04-07 10:11:46,19.74,74.44,BuildingA_Floor2,TypeA
1078,2025-04-07 11:27:35,30.66,66.18,BuildingB_Floor1,TypeA
1033,2025-04-05 10:32:44,26.46,34.26,BuildingA_Floor2,TypeA
1079,2025-04-03 17:30:53,25.22,64.31,BuildingB_Floor1,TypeA
1057,2025-04-05 17:53:28,25.65,59.96,BuildingB_Floor2,TypeB
1095,2025-04-03 12:37:48,17.51,44.19,BuildingA_Floor2,TypeA
1039,2025-04-03 10:26:50,23.34,36.54,BuildingA_Floor1,TypeC
1026,2025-04-04 07:09:07,31.78,52.28,BuildingA_Floor1,TypeC
1015,2025-04-03 18:55:20,16.15,58.38,BuildingB_Floor1,TypeC
1028,2025-04-04 00:16:54,24.07,44.46,BuildingB_Floor1,TypeC
1001,2025-04-07 05:26:47,17.1,47.57,BuildingA_Floor1,TypeC
1055,2025-04-03 16:40:16,27.83,54.11,BuildingA_Floor1,TypeA
1061,2025-04-04 11:27:02,34.21,54.7,BuildingB_Floor1,TypeC
1051,2025-04-03 04:15:03,25.52,38.38,BuildingB_Floor1,TypeC
1037,2025-04-05 03:27:58,28.89,79.5,BuildingB_Floor2,TypeB
1087,2025-04-06 12:11:42,34.65,37.39,BuildingB_Floor2,TypeB
1072,2025-04-07 14:15:32,18.98,66.72,BuildingB_Floor2,TypeB
1010,2025-04-07 03:41:58,28.91,68.27,BuildingB_Floor2,TypeC
1075,2025-04-06 02:33:46,26.55,47.29,BuildingA_Floor2,TypeC
1006,2025-04-07 00:49:13,23.65,78.9,BuildingB_Floor1,TypeA
1065,2025-04-03 03:10:21,32.97,66.31,BuildingB_Floor2,TypeC
1065,2025-04-07 16:24:07,16.94,69.57,BuildingA_Floor1,TypeC
1012,2025-04-03 20:09:20,18.88,71.19,BuildingB_Floor1,TypeB
1006,2025-04-03 13:24:38,28.74,72.58,BuildingA_Floor1,TypeA
1095,2025-04-04 02:23:55,28.24,32.82,BuildingB_Floor1,TypeA
1091,2025-04-03 00:44:24,32.83,37.66,BuildingA_Floor1,TypeC
1090,2025-04-03 06:27:15,18.9,43.04,BuildingA_Floor1,TypeB
1032,2025-04-03 08:32:13,28.29,76.75,BuildingB_Floor1,TypeB
1048,2025-04-02 20:52:34,34.44,57.54,BuildingB_Floor1,TypeB
1054,2025-04-03 22:38:04,17.01,58.99,BuildingB_Floor2,TypeA
1040,2025-04-07 13:46:41,17.56,67.18,BuildingB_Floor2,TypeC
1041,2025-04-05 16:13:22,20.42,41.4,BuildingB_Floor1,TypeA
1062,2025-04-07 16:44:57,31.3,72.88,BuildingB_Floor1,TypeC
1072,2025-04-06 17:10:42,27.53,41.68,BuildingB_Floor2,TypeA
1013,2025-04-05 00:08:36,24.9,36.6,BuildingA_Floor1,TypeA
1092,2025-04-02 19:56:12,34.76,40.54,BuildingA_Floor2,TypeA
1082,2025-04-07 07:21:45,21.29,37.11,BuildingA_Floor1,TypeA
1099,2025-04-04 21:09:14,34.0,48.92,BuildingB_Floor2,TypeA
1078,2025-04-06 19:08:54,28.91,59.43,BuildingB_Floor2,TypeC
1096,2025-04-05 18:13:36,18.13,64.79,BuildingB_Floor1,TypeB
1017,2025-04-05 10:11:21,31.7,41.58,BuildingB_Floor1,TypeB
1042,2025-04-07 03:32:17,18.93,75.89,BuildingB_Floor2,TypeC
1015,2025-04-06 15:23:29,19.99,67.23,BuildingB_Floor1,TypeA
1045,2025-04-03 03:05:59,26.01,34.05,BuildingA_Floor1,TypeC
1013,2025-04-07 18:53:10,32.74,38.81,BuildingB_Floor1,TypeA
1089,2025-04-07 13:17:54,32.22,38.73,BuildingA_Floor2,TypeC
1008,2025-04-03 09:35:12,21.81,61.98,BuildingA_Floor2,TypeA
1063,2025-04-04 08:57:03,22.7,65.24,BuildingB_Floor2,TypeC
1078,2025-04-07 06:02:52,26.61,61.21,BuildingB_Floor2,TypeB
1007,2025-04-03 17:57:48,19.91,60.19,BuildingA_Floor1,TypeB
1018,2025-04-04 05:29:26,28.22,65.63,BuildingA_Floor2,TypeB
1045,2025-04-04 06:08:09,29.59,37.13,BuildingB_Floor1,TypeC
1015,2025-04-05 04:15:52,30.45,50.79,BuildingA_Floor2,TypeA
1070,2025-04-03 08:51:34,33.31,36.24,BuildingA_Floor2,TypeB
1079,2025-04-04 07:04:10,18.29,78.34,BuildingB_Floor2,TypeA
1074,2025-04-03 06:43:40,21.17,36.24,BuildingA_Floor1,TypeC
1053,2025-04-04 21:32:11,31.49,46.42,BuildingB_Floor2,TypeC
1042,2025-04-06 22:28:19,23.51,30.53,BuildingB_Floor1,TypeA
1099,2025-04-05 14:53:38,24.34,67.03,BuildingA_Floor1,TypeC
1058,2025-04-04 18:58:22,28.86,63.8,BuildingA_Floor2,TypeA
1084,2025-04-02 23:07:17,19.38,75.06,BuildingA_Floor1,TypeB
1083,2025-04-06 22:37:35,20.01,37.91,BuildingB_Floor2,TypeC
1028,2025-04-05 01:40:09,30.25,77.48,BuildingA_Floor1,TypeC
1093,2025-04-06 23:13:47,31.37,76.46,BuildingB_Floor2,TypeC
1022,2025-04-03 19:42:55,25.93,46.06,BuildingA_Floor2,TypeA
1069,2025-04-03 12:45:53,31.94,60.65,BuildingA_Floor2,TypeC
1018,2025-04-02 20:35:35,22.0,76.12,BuildingA_Floor2,TypeB
1053,2025-04-03 10:37:18,33.19,75.46,BuildingA_Floor2,TypeA
1100,2025-04-07 16:49:35,28.71,60.94,BuildingB_Floor1,TypeA
1068,2025-04-05 04:19:08,21.94,45.46,BuildingB_Floor1,TypeA
1013,2025-04-05 20:56:00,16.09,54.55,BuildingA_Floor2,TypeB
1097,2025-04-04 09:31:51,17.68,43.16,BuildingB_Floor2,TypeA
1048,2025-04-03 20:31:32,21.96,58.09,BuildingA_Floor2,TypeB
1043,2025-04-07 12:03:55,33.76,40.52,BuildingA_Floor2,TypeC
1082,2025-04-07 12:23:20,19.91,67.03,BuildingA_Floor2,TypeA
1059,2025-04-04 09:23:35,25.34,41.71,BuildingB_Floor2,TypeB
1060,2025-04-04 11:48:02,20.87,62.05,BuildingB_Floor2,TypeB
1062,2025-04-06 22:00:12,28.66,65.76,BuildingB_Floor1,TypeC
1056,2025-04-06 12:41:18,34.03,47.35,BuildingB_Floor1,TypeB
1048,2025-04-07 01:46:59,26.1,69.85,BuildingA_Floor2,TypeC
1051,2025-04-02 21:06:28,31.54,38.66,BuildingB_Floor1,TypeA
1001,2025-04-03 06:44:14,17.01,33.78,BuildingA_Floor1,TypeB
1060,2025-04-06 08:50:55,31.02,77.77,BuildingB_Floor2,TypeC
1091,2025-04-05 21:46:56,19.31,77.73,BuildingB_Floor1,TypeC
1020,2025-04-05 13:38:30,21.81,58.01,BuildingA_Floor1,TypeC
1069,2025-04-06 17:17:19,18.55,67.69,BuildingB_Floor2,TypeB
1066,2025-04-06 17:17:42,34.46,79.95,BuildingB_Floor1,TypeC
1009,2025-04-03 03:24:39,32.64,32.92,BuildingA_Floor2,TypeA
1028,2025-04-07 13:03:47,15.69,37.63,BuildingA_Floor1,TypeC
1088,2025-04-07 13:21:12,19.02,60.2,BuildingA_Floor2,TypeB
1097,2025-04-04 10:36:44,18.88,47.4,BuildingA_Floor1,TypeC
1025,2025-04-05 10:19:15,23.16,76.73,BuildingA_Floor2,TypeC
1063,2025-04-06 01:08:25,28.85,74.99,BuildingA_Floor1,TypeA
1028,2025-04-04 17:22:57,33.27,57.93,BuildingA_Floor2,TypeB
1000,2025-04-03 23:03:40,23.02,70.63,BuildingA_Floor1,TypeC
1087,2025-04-07 17:48:06,15.98,72.67,BuildingB_Floor2,TypeC
1073,2025-04-04 10:07:58,30.84,45.16,BuildingA_Floor1,TypeB
1000,2025-04-05 13:51:31,33.54,38.74,BuildingA_Floor2,TypeC
1028,2025-04-07 13:05:55,32.06,54.51,BuildingA_Floor1,TypeC
1099,2025-04-05 17:52:25,18.6,63.7,BuildingA_Floor1,TypeA
1010,2025-04-04 04:49:36,23.26,54.73,BuildingB_Floor1,TypeC
1024,2025-04-05 14:15:47,23.68,37.16,BuildingA_Floor2,TypeC
1061,2025-04-07 01:20:40,29.82,45.86,BuildingB_Floor2,TypeC
1012,2025-04-06 00:01:45,16.91,64.79,BuildingB_Floor1,TypeB
1062,2025-04-04 06:01:04,25.77,31.1,BuildingB_Floor1,TypeA
1094,2025-04-06 21:22:16,27.63,55.27,BuildingA_Floor2,TypeC
1002,2025-04-03 10:28:44,22.57,72.61,BuildingA_Floor2,TypeB
1056,2025-04-07 17:37:41,23.88,44.62,BuildingB_Floor2,TypeC
1036,2025-04-07 08:57:11,28.04,72.53,BuildingB_Floor1,TypeB
1062,2025-04-02 22:10:56,27.92,65.09,BuildingB_Floor2,TypeB
1086,2025-04-03 06:42:11,15.79,55.59,BuildingA_Floor1,TypeA
1052,2025-04-02 22:39:14,27.61,65.71,BuildingB_Floor1,TypeB
1068,2025-04-03 09:45:19,21.41,47.09,BuildingA_Floor1,TypeA
1038,2025-04-04 00:39:28,32.89,58.75,BuildingB_Floor2,TypeB
1090,2025-04-03 09:33:46,22.9,57.72,BuildingA_Floor2,TypeB
1042,2025-04-04 01:30:14,25.99,64.59,BuildingA_Floor2,TypeB
1046,2025-04-04 05:59:35,34.0,31.43,BuildingA_Floor1,TypeC
1082,2025-04-07 06:26:52,32.27,52.68,BuildingB_Floor2,TypeB
1089,2025-04-06 20:31:13,31.4,58.22,BuildingA_Floor1,TypeC
1035,2025-04-03 20:38:34,16.77,76.2,BuildingB_Floor1,TypeA
1012,2025-04-03 11:00:38,22.89,56.91,BuildingB_Floor1,TypeC
1031,2025-04-04 12:15:12,21.84,57.37,BuildingA_Floor2,TypeC
1038,2025-04-06 10:51:19,17.34,52.55,BuildingA_Floor1,TypeA
1003,2025-04-05 17:53:06,34.5,52.83,BuildingA_Floor1,TypeB
1071,2025-04-07 01:55:18,27.75,74.61,BuildingB_Floor1,TypeC
1083,2025-04-04 15:25:40,16.06,62.25,BuildingA_Floor1,TypeC
1049,2025-04-06 11:58:54,32.06,43.86,BuildingA_Floor2,TypeC
1051,2025-04-04 08:57:21,32.8,49.0,BuildingA_Floor1,TypeC
1077,2025-04-03 18:29:00,34.27,79.66,BuildingB_Floor2,TypeA
1054,2025-04-06 08:38:11,23.8,36.85,BuildingA_Floor2,TypeA
1062,2025-04-05 08:30:10,33.0,62.0,BuildingB_Floor1,TypeA
1079,2025-04-04 17:21:55,28.91,67.34,BuildingB_Floor2,TypeB
1002,2025-04-03 21:13:01,27.47,45.22,BuildingB_Floor1,TypeA
1099,2025-04-06 20:41:21,22.36,66.44,BuildingA_Floor2,TypeC
1001,2025-04-05 03:25:46,16.79,63.22,BuildingA_Floor1,TypeB
1036,2025-04-04 16:25:31,32.12,31.81,BuildingA_Floor2,TypeC
1017,2025-04-04 12:01:18,19.88,62.31,BuildingB_Floor1,TypeC
1036,2025-04-06 03:49:17,23.35,49.97,BuildingB_Floor1,TypeA
1011,2025-04-04 09:47:31,19.92,56.7,BuildingB_Floor2,TypeA
1092,2025-04-03 16:43:37,17.73,66.19,BuildingB_Floor2,TypeA
1073,2025-04-04 02:44:58,17.92,70.63,BuildingB_Floor1,TypeB
1082,2025-04-05 08:31:33,33.53,69.94,BuildingB_Floor1,TypeA
1004,2025-04-04 18:29:26,16.01,49.4,BuildingB_Floor1,TypeA
1054,2025-04-06 02:18:01,27.45,46.16,BuildingA_Floor2,TypeB
1100,2025-04-03 22:38:05,20.16,53.9,BuildingA_Floor1,TypeA
1084,2025-04-05 21:23:58,28.55,33.99,BuildingA_Floor2,TypeA
1070,2025-04-06 05:35:58,34.96,61.13,BuildingA_Floor2,TypeC
1057,2025-04-05 06:39:24,21.18,77.41,BuildingA_Floor2,TypeC
1061,2025-04-06 16:32:00,25.44,62.77,BuildingB_Floor2,TypeC
1031,2025-04-03 01:08:47,32.14,49.94,BuildingA_Floor1,TypeB
1035,2025-04-07 05:59:32,17.2,62.14,BuildingA_Floor1,TypeC
1010,2025-04-04 13:05:42,33.88,75.42,BuildingB_Floor1,TypeA
1086,2025-04-03 15:21:32,30.03,78.72,BuildingA_Floor2,TypeA
1046,2025-04-05 18:12:56,27.17,37.98,BuildingA_Floor2,TypeB
1039,2025-04-05 12:33:11,27.74,46.8,BuildingB_Floor1,TypeA
1071,2025-04-07 13:55:44,29.96,66.04,BuildingB_Floor1,TypeB
1077,2025-04-05 19:09:45,32.49,38.42,BuildingB_Floor1,TypeA
1075,2025-04-03 20:28:37,18.51,61.43,BuildingA_Floor1,TypeC
1066,2025-04-06 20:49:50,16.96,61.69,BuildingA_Floor2,TypeB
1027,2025-04-05 21:48:00,20.31,42.4,BuildingB_Floor2,TypeC
1067,2025-04-04 22:34:22,19.11,51.46,BuildingA_Floor2,TypeA
1089,2025-04-04 06:32:55,22.13,63.16,BuildingA_Floor2,TypeA
1073,2025-04-04 04:50:12,23.16,51.34,BuildingA_Floor1,TypeA
1016,2025-04-06 02:49:33,34.85,40.48,BuildingA_Floor2,TypeB
1032,2025-04-07 04:58:32,24.97,39.58,BuildingA_Floor2,TypeC
1099,2025-04-03 19:36:18,32.94,41.83,BuildingA_Floor2,TypeC
1054,2025-04-03 16:10:48,24.06,79.3,BuildingB_Floor2,TypeA
1044,2025-04-03 19:00:37,16.88,71.64,BuildingB_Floor2,TypeB
1081,2025-04-03 04:45:25,18.18,64.78,BuildingA_Floor1,TypeC
1052,2025-04-03 05:45:49,16.56,54.0,BuildingB_Floor2,TypeB
1053,2025-04-04 21:29:21,18.2,50.67,BuildingA_Floor2,TypeB
1007,2025-04-06 19:34:09,31.63,57.65,BuildingB_Floor2,TypeB
1076,2025-04-03 10:31:25,33.28,49.99,BuildingB_Floor2,TypeB
1046,2025-04-06 07:06:02,16.61,57.0,BuildingB_Floor1,TypeB
1040,2025-04-04 10:32:35,29.32,49.67,BuildingB_Floor1,TypeB
1057,2025-04-06 17:23:23,34.32,31.26,BuildingA_Floor1,TypeB
1097,2025-04-07 18:36:25,22.32,50.5,BuildingA_Floor2,TypeB
1047,2025-04-04 01:18:53,17.3,66.07,BuildingB_Floor2,TypeC
1090,2025-04-04 11:53:54,34.65,42.08,BuildingA_Floor1,TypeC
1037,2025-04-06 23:39:30,34.26,68.74,BuildingA_Floor2,TypeB
1008,2025-04-04 10:58:43,17.43,54.76,BuildingA_Floor1,TypeB
1015,2025-04-04 11:19:21,16.93,74.86,BuildingA_Floor2,TypeA
1013,2025-04-04 20:31:35,29.27,43.27,BuildingB_Floor2,TypeA
1061,2025-04-06 02:26:22,21.35,46.04,BuildingB_Floor1,TypeA
1045,2025-04-05 17:43:54,31.99,70.54,BuildingA_Floor2,TypeB
1097,2025-04-04 04:23:10,32.71,60.72,BuildingB_Floor1,TypeB
1080,2025-04-05 00:22:27,22.99,77.55,BuildingA_Floor2,TypeA
1089,2025-04-06 03:20:04,20.41,65.58,BuildingB_Floor1,TypeA
1018,2025-04-04 16:08:40,34.05,33.29,BuildingB_Floor2,TypeB
1039,2025-04-04 12:32:33,31.22,33.38,BuildingA_Floor2,TypeC
1096,2025-04-03 22:10:59,27.56,68.6,BuildingB_Floor2,TypeA
1056,2025-04-06 03:03:56,33.75,78.05,BuildingB_Floor2,TypeB
1096,2025-04-07 14:35:54,20.6,38.54,BuildingA_Floor1,TypeA
1068,2025-04-07 08:09:58,20.51,64.41,BuildingA_Floor1,TypeA
1006,2025-04-05 00:44:49,20.67,35.72,BuildingB_Floor2,TypeC
1044,2025-04-02 22:20:19,24.06,56.92,BuildingA_Floor1,TypeB
1019,2025-04-06 09:46:50,24.94,57.63,BuildingB_Floor2,TypeC
1052,2025-04-04 13:18:38,27.64,66.25,BuildingB_Floor1,TypeA
1041,2025-04-05 07:30:13,33.2,61.54,BuildingB_Floor1,TypeB
1052,2025-04-03 01:32:55,26.71,34.99,BuildingA_Floor1,TypeB
1068,2025-04-06 20:56:15,17.65,59.32,BuildingA_Floor1,TypeB
1055,2025-04-04 16:37:41,26.47,43.36,BuildingA_Floor2,TypeA
1041,2025-04-05 18:58:42,29.6,35.1,BuildingB_Floor1,TypeB
1073,2025-04-07 02:47:28,25.84,56.99,BuildingB_Floor1,TypeC
1016,2025-04-05 00:34:10,25.87,72.81,BuildingB_Floor2,TypeB
1082,2025-04-06 15:35:58,30.99,46.38,BuildingA_Floor1,TypeB
1016,2025-04-03 23:25:42,21.5,67.21,BuildingA_Floor1,TypeC
1005,2025-04-03 05:47:24,30.47,48.41,BuildingA_Floor2,TypeB
1099,2025-04-05 11:04:57,31.54,46.96,BuildingB_Floor2,TypeA
1034,2025-04-03 15:17:11,19.33,70.6,BuildingB_Floor1,TypeA
1026,2025-04-04 19:01:47,30.11,61.29,BuildingA_Floor1,TypeA
1035,2025-04-03 09:46:56,27.81,52.65,BuildingA_Floor2,TypeB
1037,2025-04-06 02:12:13,20.98,32.05,BuildingA_Floor2,TypeA
1095,2025-04-06 11:59:25,16.59,72.11,BuildingB_Floor1,TypeB
1021,2025-04-05 12:06:54,17.71,76.74,BuildingB_Floor1,TypeA
1074,2025-04-03 16:12:30,24.52,47.03,BuildingA_Floor2,TypeB
1021,2025-04-06 08:10:26,33.06,64.2,BuildingB_Floor1,TypeA
1086,2025-04-04 13:36:54,17.29,71.35,BuildingA_Floor1,TypeB
1068,2025-04-03 16:03:55,31.97,66.53,BuildingA_Floor1,TypeB
1041,2025-04-04 23:59:22,25.22,40.79,BuildingB_Floor2,TypeB
1053,2025-04-07 00:55:17,15.3,65.63,BuildingB_Floor2,TypeC
1062,2025-04-07 18:45:13,33.46,47.36,BuildingB_Floor2,TypeB
1031,2025-04-06 04:56:19,23.87,36.62,BuildingB_Floor2,TypeA
1068,2025-04-05 10:24:54,26.42,62.01,BuildingA_Floor1,TypeA
1029,2025-04-06 03:38:02,19.51,56.94,BuildingA_Floor2,TypeB
1035,2025-04-07 16:14:05,15.93,77.31,BuildingA_Floor1,TypeA
1082,2025-04-03 21:04:39,29.85,45.53,BuildingA_Floor1,TypeC
1041,2025-04-07 08:10:18,19.39,43.22,BuildingA_Floor2,TypeC
1071,2025-04-05 22:17:13,29.95,45.3,BuildingB_Floor1,TypeB
1057,2025-04-03 23:04:42,27.83,50.92,BuildingB_Floor2,TypeC
1069,2025-04-06 16:45:58,26.18,43.78,BuildingB_Floor1,TypeA
1015,2025-04-06 05:49:46,31.36,50.86,BuildingB_Floor2,TypeB
1088,2025-04-04 02:32:46,17.23,40.06,BuildingA_Floor2,TypeB
1071,2025-04-06 16:49:06,30.6,78.82,BuildingB_Floor1,TypeB
1003,2025-04-06 08:18:24,27.48,58.3,BuildingB_Floor2,TypeA
1000,2025-04-05 10:09:18,34.75,78.37,BuildingB_Floor1,TypeA
1074,2025-04-07 00:29:55,21.89,61.37,BuildingA_Floor2,TypeB
1047,2025-04-04 20:46:00,22.43,77.9,BuildingA_Floor2,TypeA
1075,2025-04-05 03:09:24,19.9,71.97,BuildingA_Floor2,TypeB
1018,2025-04-05 22:43:11,25.94,44.03,BuildingB_Floor2,TypeA
1063,2025-04-07 14:59:30,15.61,57.31,BuildingB_Floor2,TypeA
1009,2025-04-07 04:33:18,24.92,79.9,BuildingA_Floor2,TypeA
1024,2025-04-04 07:05:10,25.92,66.34,BuildingA_Floor1,TypeA
1056,2025-04-04 15:36:44,26.12,30.33,BuildingB_Floor2,TypeC
1038,2025-04-07 01:08:54,34.31,32.14,BuildingA_Floor1,TypeA
1008,2025-04-05 03:41:53,20.18,77.94,BuildingA_Floor2,TypeB
1091,2025-04-05 01:56:55,28.14,43.4,BuildingB_Floor2,TypeC
1050,2025-04-06 09:14:52,25.12,72.24,BuildingB_Floor1,TypeA
1013,2025-04-06 05:59:39,23.02,45.76,BuildingA_Floor2,TypeA
1047,2025-04-04 08:13:15,32.31,31.66,BuildingB_Floor2,TypeA
1075,2025-04-05 21:40:04,22.64,51.34,BuildingB_Floor1,TypeC
1014,2025-04-03 11:33:47,27.94,70.17,BuildingB_Floor2,TypeC
1050,2025-04-05 09:28:54,20.37,34.75,BuildingB_Floor1,TypeC
1087,2025-04-04 15:07:12,15.88,31.11,BuildingB_Floor1,TypeB
1075,2025-04-07 15:20:03,18.43,79.34,BuildingA_Floor2,TypeC
1071,2025-04-06 03:51:30,28.88,37.99,BuildingA_Floor1,TypeA
1007,2025-04-06 01:48:51,33.25,75.76,BuildingA_Floor1,TypeB
1069,2025-04-03 00:32:09,19.89,32.78,BuildingB_Floor2,TypeA
1008,2025-04-03 18:04:33,27.65,38.68,BuildingB_Floor1,TypeC
1092,2025-04-07 04:57:51,33.9,56.66,BuildingA_Floor2,TypeB
1042,2025-04-05 11:28:37,23.32,38.43,BuildingA_Floor2,TypeA
1078,2025-04-06 07:18:37,27.65,61.9,BuildingA_Floor1,TypeA
1073,2025-04-03 17:24:02,30.6,31.98,BuildingA_Floor2,TypeC
1071,2025-04-07 03:14:46,26.25,61.42,BuildingB_Floor1,TypeC
1028,2025-04-06 11:29:20,17.58,74.89,BuildingB_Floor2,TypeA
1019,2025-04-03 10:23:35,25.84,68.07,BuildingA_Floor2,TypeC
1018,2025-04-03 21:39:45,24.63,45.91,BuildingA_Floor1,TypeC
1062,2025-04-05 19:39:31,16.11,55.13,BuildingA_Floor1,TypeB
1037,2025-04-04 09:09:07,15.01,72.72,BuildingA_Floor1,TypeB
1044,2025-04-03 14:21:29,16.88,34.18,BuildingB_Floor2,TypeC
1081,2025-04-06 15:07:39,17.59,52.55,BuildingB_Floor1,TypeC
1039,2025-04-07 05:33:12,26.33,39.39,BuildingB_Floor1,TypeB
1055,2025-04-04 08:20:08,17.8,32.25,BuildingB_Floor2,TypeB
1004,2025-04-07 02:26:20,31.69,67.72,BuildingA_Floor2,TypeB
1084,2025-04-04 20:02:51,30.93,64.62,BuildingA_Floor1,TypeC
1092,2025-04-07 01:34:58,22.85,79.82,BuildingA_Floor2,TypeC
1036,2025-04-05 17:53:47,15.89,75.64,BuildingB_Floor2,TypeC
1071,2025-04-07 12:55:00,15.7,51.18,BuildingB_Floor1,TypeC
1083,2025-04-06 10:49:37,20.26,31.5,BuildingA_Floor1,TypeA
1023,2025-04-05 07:39:14,24.32,79.35,BuildingB_Floor1,TypeA
1032,2025-04-06 04:55:14,18.81,50.22,BuildingB_Floor1,TypeA
1048,2025-04-05 03:23:58,32.59,37.09,BuildingA_Floor2,TypeC
1007,2025-04-03 21:41:55,22.32,56.73,BuildingA_Floor1,TypeC
1000,2025-04-06 12:52:54,30.88,52.12,BuildingB_Floor2,TypeA
1017,2025-04-07 07:25:53,34.89,37.42,BuildingB_Floor1,TypeA
1010,2025-04-06 16:25:10,21.88,72.24,BuildingB_Floor1,TypeB
1024,2025-04-06 14:06:28,18.79,49.2,BuildingA_Floor2,TypeC
1033,2025-04-03 04:38:33,18.97,49.34,BuildingB_Floor2,TypeA
1059,2025-04-07 17:16:16,19.95,53.77,BuildingA_Floor2,TypeC
1090,2025-04-05 02:13:39,18.03,67.58,BuildingB_Floor1,TypeA
1032,2025-04-06 21:29:57,20.56,78.73,BuildingA_Floor1,TypeC
1020,2025-04-06 06:10:29,16.82,74.86,BuildingA_Floor1,TypeC
1081,2025-04-04 05:19:54,27.06,60.01,BuildingA_Floor2,TypeA
1049,2025-04-05 08:09:10,28.07,46.46,BuildingA_Floor1,TypeC
1015,2025-04-05 16:02:33,30.16,40.6,BuildingA_Floor2,TypeB
1029,2025-04-03 11:45:40,23.71,58.95,BuildingA_Floor2,TypeA
1006,2025-04-04 18:36:29,33.36,36.67,BuildingA_Floor1,TypeB
1072,2025-04-04 22:18:57,27.75,43.48,BuildingA_Floor2,TypeA
1001,2025-04-06 09:04:01,33.25,57.13,BuildingA_Floor1,TypeC
1067,2025-04-04 20:12:30,34.04,78.99,BuildingB_Floor2,TypeC
1010,2025-04-04 14:30:20,23.86,67.45,BuildingB_Floor1,TypeC
1069,2025-04-05 02:30:33,20.92,56.5,BuildingA_Floor1,TypeB
1028,2025-04-06 05:23:41,21.76,50.73,BuildingB_Floor2,TypeB
1083,2025-04-06 18:32:09,19.06,67.56,BuildingA_Floor2,TypeC
1031,2025-04-06 02:03:43,32.89,41.04,BuildingA_Floor2,TypeA
1023,2025-04-05 08:09:39,24.98,48.11,BuildingA_Floor2,TypeC
1091,2025-04-07 03:45:10,34.41,56.64,BuildingA_Floor2,TypeB
1092,2025-04-05 07:59:41,21.73,51.83,BuildingB_Floor2,TypeB
1024,2025-04-03 12:58:33,20.5,52.19,BuildingA_Floor2,TypeA
1066,2025-04-05 11:53:41,34.84,42.27,BuildingB_Floor1,TypeB
1051,2025-04-07 12:28:41,22.14,75.21,BuildingB_Floor2,TypeA
1018,2025-04-04 12:09:40,25.76,78.63,BuildingA_Floor2,TypeA
1012,2025-04-06 12:40:51,22.62,67.86,BuildingB_Floor1,TypeC
1056,2025-04-04 19:54:21,19.61,40.52,BuildingB_Floor2,TypeA
1056,2025-04-02 22:23:27,27.85,68.06,BuildingA_Floor1,TypeC
1007,2025-04-05 02:06:30,19.67,32.16,BuildingB_Floor2,TypeC
1092,2025-04-07 17:19:53,30.43,65.66,BuildingA_Floor2,TypeC
1035,2025-04-05 23:37:39,33.61,77.88,BuildingB_Floor2,TypeC
1088,2025-04-04 21:45:15,25.78,49.91,BuildingB_Floor2,TypeA
1013,2025-04-03 17:56:00,22.55,44.66,BuildingB_Floor1,TypeB
1063,2025-04-03 16:46:46,27.36,49.78,BuildingB_Floor1,TypeB
1082,2025-04-04 04:24:48,27.61,56.13,BuildingB_Floor2,TypeA
1071,2025-04-06 12:17:50,34.12,47.67,BuildingA_Floor2,TypeB
1068,2025-04-07 18:06:36,27.92,59.0,BuildingA_Floor1,TypeA
1003,2025-04-04 10:45:53,21.52,55.03,BuildingB_Floor1,TypeB
1030,2025-04-06 09:56:59,18.22,30.02,BuildingA_Floor2,TypeC
1092,2025-04-05 17:58:18,28.46,63.27,BuildingB_Floor1,TypeB
1022,2025-04-03 21:17:09,19.04,49.87,BuildingB_Floor2,TypeB
1083,2025-04-02 22:44:35,25.42,36.4,BuildingB_Floor2,TypeA
1015,2025-04-05 14:12:49,26.97,75.48,BuildingA_Floor2,TypeB
1037,2025-04-02 22:22:58,21.68,69.98,BuildingB_Floor2,TypeA
1023,2025-04-04 05:36:11,20.99,58.57,BuildingA_Floor2,TypeA
1023,2025-04-04 01:35:49,18.04,52.5,BuildingA_Floor1,TypeB
1017,2025-04-04 06:36:05,15.55,64.92,BuildingB_Floor2,TypeB
1094,2025-04-05 21:39:01,18.82,58.11,BuildingB_Floor1,TypeB
1090,2025-04-06 23:45:05,33.48,60.3,BuildingA_Floor2,TypeB
1075,2025-04-06 00:11:00,26.64,55.11,BuildingB_Floor1,TypeB
1087,2025-04-06 06:07:58,21.41,35.74,BuildingB_Floor2,TypeB
1098,2025-04-04 13:52:35,31.55,42.14,BuildingB_Floor1,TypeC
1022,2025-04-04 15:12:58,16.37,72.69,BuildingB_Floor1,TypeB
1062,2025-04-07 11:17:25,21.08,32.1,BuildingA_Floor2,TypeA
1057,2025-04-04 06:03:36,24.62,74.75,BuildingA_Floor2,TypeC
1079,2025-04-03 20:28:49,28.1,36.1,BuildingA_Floor2,TypeB
1096,2025-04-07 14:42:51,22.33,57.71,BuildingA_Floor1,TypeC
1095,2025-04-05 00:33:23,20.09,77.75,BuildingA_Floor2,TypeC
1008,2025-04-05 13:37:15,22.98,50.5,BuildingB_Floor1,TypeB
1090,2025-04-07 14:11:02,20.28,63.24,BuildingA_Floor1,TypeB
1008,2025-04-04 18:39:18,27.48,62.55,BuildingA_Floor2,TypeC
1001,2025-04-03 20:26:55,32.2,46.16,BuildingA_Floor2,TypeB
1031,2025-04-06 00:06:14,32.72,33.66,BuildingA_Floor2,TypeC
1032,2025-04-03 08:15:41,22.71,62.05,BuildingA_Floor2,TypeA
1024,2025-04-06 05:20:39,23.68,36.1,BuildingB_Floor1,TypeB
1064,2025-04-05 06:18:11,19.36,69.43,BuildingB_Floor1,TypeA
1047,2025-04-06 10:12:50,26.78,57.0,BuildingA_Floor1,TypeC
1034,2025-04-05 21:19:52,31.1,71.14,BuildingB_Floor2,TypeC
1038,2025-04-07 04:04:38,26.25,42.03,BuildingA_Floor1,TypeC
1057,2025-04-07 01:33:02,20.45,67.93,BuildingA_Floor1,TypeC
1033,2025-04-03 22:52:01,27.33,50.35,BuildingA_Floor1,TypeB
1023,2025-04-04 05:36:25,27.89,74.61,BuildingB_Floor1,TypeB
1013,2025-04-04 03:12:43,19.55,42.82,BuildingB_Floor2,TypeC
1018,2025-04-06 00:10:02,24.19,77.19,BuildingA_Floor1,TypeA
1092,2025-04-03 00:53:12,31.59,72.97,BuildingA_Floor2,TypeC
1082,2025-04-05 18:02:36,19.05,66.72,BuildingA_Floor1,TypeC
1041,2025-04-04 08:10:32,21.33,79.71,BuildingB_Floor1,TypeB
1000,2025-04-06 16:01:49,31.77,39.6,BuildingB_Floor2,TypeA
1075,2025-04-06 00:41:21,17.92,69.41,BuildingB_Floor1,TypeB
1019,2025-04-04 13:24:53,17.49,64.72,BuildingB_Floor2,TypeA
1007,2025-04-06 14:19:26,19.94,78.39,BuildingA_Floor1,TypeC
1022,2025-04-05 00:43:00,23.25,52.24,BuildingB_Floor2,TypeB
1084,2025-04-07 02:39:04,15.29,44.13,BuildingA_Floor1,TypeB
1077,2025-04-06 19:25:02,20.19,72.28,BuildingB_Floor1,TypeC
1081,2025-04-05 10:08:17,18.76,53.44,BuildingB_Floor2,TypeB
1097,2025-04-06 00:34:11,18.21,57.86,BuildingB_Floor2,TypeC
1056,2025-04-03 23:17:53,24.77,59.6,BuildingB_Floor1,TypeC
1038,2025-04-06 05:54:27,24.74,60.0,BuildingA_Floor2,TypeC
1078,2025-04-03 15:30:45,29.25,67.6,BuildingB_Floor1,TypeC
1002,2025-04-07 02:04:00,15.57,41.26,BuildingB_Floor2,TypeB
1039,2025-04-04 18:27:49,29.91,60.45,BuildingA_Floor1,TypeB
1049,2025-04-04 08:11:39,19.79,50.89,BuildingB_Floor2,TypeC
1089,2025-04-02 20:50:03,25.37,52.57,BuildingB_Floor2,TypeB
1067,2025-04-04 04:19:01,26.89,72.39,BuildingB_Floor1,TypeA
1027,2025-04-03 22:00:29,22.55,67.79,BuildingA_Floor1,TypeA
1093,2025-04-06 22:58:36,22.14,53.08,BuildingA_Floor1,TypeA
1071,2025-04-05 17:11:44,30.53,67.73,BuildingB_Floor2,TypeB
1098,2025-04-03 19:14:06,18.96,74.26,BuildingB_Floor2,TypeB
1018,2025-04-06 06:49:20,34.34,58.38,BuildingB_Floor2,TypeB
1047,2025-04-07 11:31:38,31.49,48.94,BuildingB_Floor1,TypeC
1082,2025-04-04 12:06:46,23.43,31.21,BuildingB_Floor2,TypeC
1059,2025-04-04 12:02:18,23.16,36.65,BuildingB_Floor1,TypeB
1050,2025-04-02 22:43:47,29.63,65.08,BuildingA_Floor1,TypeA
1089,2025-04-06 02:15:44,15.35,72.2,BuildingA_Floor1,TypeA
1063,2025-04-07 03:29:07,20.4,37.15,BuildingA_Floor2,TypeC
1031,2025-04-07 03:10:14,31.93,42.8,BuildingB_Floor2,TypeC
1017,2025-04-07 08:03:34,19.91,58.55,BuildingB_Floor2,TypeB
1100,2025-04-03 12:19:44,20.9,45.81,BuildingB_Floor1,TypeC
1010,2025-04-02 20:14:22,25.15,55.79,BuildingB_Floor1,TypeB
1025,2025-04-05 20:02:01,24.49,76.74,BuildingA_Floor1,TypeA
1069,2025-04-06 10:22:43,17.84,43.89,BuildingA_Floor2,TypeA
1054,2025-04-03 20:01:02,26.74,65.33,BuildingA_Floor2,TypeB
1039,2025-04-04 02:33:01,21.45,74.66,BuildingA_Floor2,TypeA
1062,2025-04-06 13:36:06,29.13,67.52,BuildingB_Floor2,TypeA
1074,2025-04-03 10:00:24,26.01,48.38,BuildingA_Floor2,TypeB
1058,2025-04-04 21:38:15,30.81,56.74,BuildingB_Floor2,TypeA
1028,2025-04-03 11:42:57,26.14,71.86,BuildingA_Floor1,TypeA
1008,2025-04-05 05:41:51,15.93,64.56,BuildingB_Floor1,TypeB
1065,2025-04-03 04:41:01,19.75,74.06,BuildingA_Floor1,TypeA
1088,2025-04-02 21:48:16,19.09,42.04,BuildingB_Floor2,TypeC
1094,2025-04-04 10:19:38,34.97,74.43,BuildingA_Floor2,TypeC
1006,2025-04-05 14:44:29,32.25,55.96,BuildingB_Floor1,TypeC
1041,2025-04-04 05:53:54,25.06,76.28,BuildingA_Floor1,TypeB
1053,2025-04-02 20:14:53,32.18,52.67,BuildingB_Floor2,TypeA
1060,2025-04-07 00:43:02,25.48,69.12,BuildingA_Floor2,TypeB
1051,2025-04-03 00:27:48,15.39,36.98,BuildingB_Floor1,TypeB
1096,2025-04-03 00:01:05,16.27,57.57,BuildingA_Floor1,TypeC
1035,2025-04-03 15:26:09,22.33,75.96,BuildingA_Floor1,TypeA
1041,2025-04-03 07:25:57,23.94,60.27,BuildingA_Floor2,TypeC
1083,2025-04-06 12:03:28,18.72,48.08,BuildingB_Floor2,TypeC
1093,2025-04-05 19:31:36,30.93,57.41,BuildingA_Floor1,TypeA
1013,2025-04-04 09:46:18,17.34,61.81,BuildingA_Floor1,TypeB
1060,2025-04-05 21:01:13,18.24,53.85,BuildingB_Floor1,TypeB
1068,2025-04-06 17:41:22,30.55,32.17,BuildingA_Floor2,TypeB
1091,2025-04-06 14:26:33,26.96,54.82,BuildingA_Floor2,TypeC
1043,2025-04-03 12:22:39,17.42,36.36,BuildingB_Floor1,TypeB
1044,2025-04-03 11:50:22,15.34,66.74,BuildingA_Floor2,TypeB
1039,2025-04-06 19:25:14,18.79,68.71,BuildingA_Floor2,TypeB
1064,2025-04-04 17:19:05,28.31,56.92,BuildingA_Floor2,TypeC
1061,2025-04-05 22:11:21,30.08,51.35,BuildingA_Floor1,TypeB
1015,2025-04-07 05:37:27,32.3,34.56,BuildingB_Floor2,TypeA
1065,2025-04-07 06:06:32,32.01,34.77,BuildingB_Floor1,TypeB
1059,2025-04-04 00:35:39,22.02,74.36,BuildingB_Floor1,TypeA
1000,2025-04-06 21:25:57,18.02,60.5,BuildingB_Floor2,TypeC
1077,2025-04-05 17:14:21,24.49,64.59,BuildingB_Floor1,TypeB
1015,2025-04-07 01:46:28,27.8,77.87,BuildingA_Floor1,TypeC
1087,2025-04-04 23:46:43,27.52,50.65,BuildingB_Floor1,TypeB
1026,2025-04-06 01:43:08,29.87,72.53,BuildingA_Floor2,TypeB
1033,2025-04-06 06:00:21,29.54,74.66,BuildingB_Floor1,TypeC
1029,2025-04-06 12:48:25,24.8,68.74,BuildingA_Floor2,TypeB
1086,2025-04-07 05:14:50,29.84,49.9,BuildingA_Floor1,TypeA
1071,2025-04-05 23:33:35,32.77,45.54,BuildingA_Floor2,TypeA
1019,2025-04-06 12:41:53,17.45,76.9,BuildingA_Floor2,TypeC
1081,2025-04-03 20:39:38,31.08,41.02,BuildingB_Floor2,TypeC
1049,2025-04-06 18:03:04,26.31,35.15,BuildingA_Floor2,TypeC
1098,2025-04-04 19:01:18,25.89,30.58,BuildingA_Floor1,TypeB
1053,2025-04-06 18:44:48,23.59,64.62,BuildingA_Floor1,TypeA
1095,2025-04-03 19:50:44,26.38,34.5,BuildingB_Floor2,TypeC
1002,2025-04-07 00:06:49,18.92,49.49,BuildingB_Floor2,TypeA
1039,2025-04-03 10:17:40,25.96,32.3,BuildingA_Floor2,TypeA
1066,2025-04-07 14:35:30,20.34,45.25,BuildingA_Floor1,TypeC
1078,2025-04-05 02:16:48,23.95,73.28,BuildingB_Floor2,TypeA
1057,2025-04-04 02:30:58,28.67,72.95,BuildingB_Floor2,TypeC
1052,2025-04-04 18:18:02,26.96,73.87,BuildingB_Floor1,TypeC
1066,2025-04-05 22:01:45,15.14,41.5,BuildingA_Floor2,TypeA
1078,2025-04-04 16:23:35,33.58,46.3,BuildingA_Floor1,TypeA
1070,2025-04-07 05:50:01,20.39,40.74,BuildingA_Floor2,TypeC
1092,2025-04-03 12:36:56,18.22,51.01,BuildingA_Floor2,TypeA
1099,2025-04-06 11:44:52,31.11,64.46,BuildingB_Floor1,TypeA
1045,2025-04-04 01:05:56,18.18,64.11,BuildingA_Floor1,TypeC
1026,2025-04-05 20:01:06,25.72,37.84,BuildingA_Floor2,TypeA
1099,2025-04-07 14:27:13,33.62,53.85,BuildingA_Floor2,TypeC
1016,2025-04-02 22:57:57,21.69,30.17,BuildingB_Floor2,TypeA
1067,2025-04-03 17:42:12,27.42,36.82,BuildingA_Floor1,TypeB
1050,2025-04-04 03:21:23,32.93,67.43,BuildingB_Floor2,TypeB
1083,2025-04-04 21:37:38,31.26,58.72,BuildingB_Floor2,TypeC
1037,2025-04-05 15:26:10,34.95,45.35,BuildingB_Floor2,TypeA
1015,2025-04-05 15:59:14,23.77,33.39,BuildingA_Floor1,TypeA
1056,2025-04-04 20:13:38,16.61,48.72,BuildingA_Floor1,TypeB
1087,2025-04-02 20:34:50,17.24,79.8,BuildingA_Floor2,TypeA
1092,2025-04-03 08:04:48,32.39,32.68,BuildingB_Floor1,TypeC
1059,2025-04-04 09:18:57,29.46,67.94,BuildingB_Floor1,TypeC
1024,2025-04-05 05:03:07,27.61,54.42,BuildingA_Floor2,TypeC
1038,2025-04-02 20:01:14,30.38,76.77,BuildingB_Floor2,TypeB
1058,2025-04-04 07:04:16,17.17,50.75,BuildingA_Floor1,TypeB
1016,2025-04-06 22:49:14,19.62,52.41,BuildingB_Floor1,TypeB
1071,2025-04-02 22:45:16,27.98,70.31,BuildingB_Floor1,TypeB
1096,2025-04-04 07:43:58,18.2,42.7,BuildingB_Floor2,TypeA
1075,2025-04-04 22:18:05,15.69,35.96,BuildingB_Floor1,TypeB
1086,2025-04-06 12:54:16,23.61,48.34,BuildingA_Floor1,TypeB
1058,2025-04-03 22:07:39,17.63,63.13,BuildingB_Floor1,TypeB
1009,2025-04-04 08:51:26,19.43,77.84,BuildingA_Floor1,TypeA
1040,2025-04-07 18:31:06,24.42,63.34,BuildingB_Floor2,TypeB
1066,2025-04-03 03:43:43,19.78,30.28,BuildingB_Floor2,TypeB
1008,2025-04-05 10:42:14,32.26,64.74,BuildingB_Floor2,TypeB
1087,2025-04-07 13:00:39,16.0,42.85,BuildingB_Floor1,TypeC
1019,2025-04-05 15:02:34,33.63,56.3,BuildingB_Floor2,TypeC
1095,2025-04-05 17:19:14,22.09,43.31,BuildingB_Floor1,TypeC
1049,2025-04-05 04:50:16,15.63,61.5,BuildingA_Floor1,TypeC
1018,2025-04-07 07:09:14,34.15,51.62,BuildingB_Floor1,TypeC
1036,2025-04-06 10:00:51,33.54,45.45,BuildingB_Floor2,TypeC
1080,2025-04-06 07:01:23,32.79,72.86,BuildingA_Floor1,TypeB
1008,2025-04-05 20:51:19,20.71,73.93,BuildingA_Floor1,TypeB
1042,2025-04-03 20:26:22,20.4,75.84,BuildingB_Floor2,TypeB
1024,2025-04-04 00:55:08,18.8,31.57,BuildingB_Floor1,TypeA
1028,2025-04-05 07:24:19,15.73,73.96,BuildingA_Floor2,TypeC
1020,2025-04-07 04:14:56,23.73,32.97,BuildingB_Floor1,TypeA
1095,2025-04-06 07:06:29,31.87,71.2,BuildingB_Floor2,TypeA
1090,2025-04-03 23:59:28,26.98,50.93,BuildingB_Floor2,TypeB
1097,2025-04-03 15:54:50,30.68,60.96,BuildingB_Floor2,TypeB
1092,2025-04-02 20:00:15,20.16,52.91,BuildingA_Floor2,TypeA
1020,2025-04-04 23:55:18,25.18,38.86,BuildingA_Floor1,TypeA
1033,2025-04-04 15:48:27,18.01,79.81,BuildingA_Floor1,TypeB
1085,2025-04-07 14:58:35,19.94,58.41,BuildingB_Floor2,TypeC
1018,2025-04-07 10:02:40,22.69,53.12,BuildingA_Floor2,TypeB
1016,2025-04-05 14:57:56,23.01,73.73,BuildingA_Floor2,TypeC
1033,2025-04-03 06:45:53,20.73,54.36,BuildingA_Floor2,TypeB
1073,2025-04-06 07:46:21,17.74,72.68,BuildingA_Floor1,TypeA
1047,2025-04-07 09:36:00,18.75,67.41,BuildingB_Floor2,TypeC
1073,2025-04-02 19:21:38,28.88,55.14,BuildingA_Floor1,TypeC
1082,2025-04-06 14:37:22,19.27,49.15,BuildingB_Floor1,TypeC
1098,2025-04-04 23:32:04,26.84,79.65,BuildingB_Floor2,TypeB
1003,2025-04-07 11:03:36,30.63,79.07,BuildingA_Floor1,TypeA
1006,2025-04-03 04:18:17,20.93,72.05,BuildingA_Floor2,TypeA
1018,2025-04-04 00:49:59,24.36,58.72,BuildingB_Floor1,TypeA
1019,2025-04-05 08:23:38,22.55,47.21,BuildingA_Floor1,TypeA
1029,2025-04-06 10:26:52,29.65,65.34,BuildingA_Floor2,TypeC
1052,2025-04-04 04:47:25,27.91,52.44,BuildingB_Floor2,TypeA
1027,2025-04-04 01:36:41,30.05,59.28,BuildingB_Floor2,TypeC
1081,2025-04-03 14:45:01,19.79,78.24,BuildingB_Floor1,TypeA
1000,2025-04-04 16:04:06,23.89,66.75,BuildingB_Floor1,TypeC
1099,2025-04-03 23:44:54,29.62,52.56,BuildingB_Floor2,TypeC
1034,2025-04-06 01:08:25,24.36,63.93,BuildingB_Floor2,TypeC
1025,2025-04-07 06:10:26,26.74,53.82,BuildingA_Floor1,TypeC
1032,2025-04-03 12:20:15,26.02,79.0,BuildingB_Floor1,TypeB
1008,2025-04-06 06:37:08,23.71,59.73,BuildingB_Floor2,TypeA
1088,2025-04-07 15:59:22,30.33,75.91,BuildingA_Floor2,TypeC
1065,2025-04-05 02:59:15,18.83,68.67,BuildingA_Floor1,TypeC
1021,2025-04-03 17:08:23,24.64,34.02,BuildingB_Floor1,TypeC
1045,2025-04-07 16:37:49,27.54,74.77,BuildingB_Floor1,TypeB
1069,2025-04-07 18:05:37,34.93,56.42,BuildingB_Floor2,TypeC
1084,2025-04-07 11:27:08,22.49,77.44,BuildingA_Floor2,TypeA
1035,2025-04-07 08:15:36,23.66,57.54,BuildingA_Floor1,TypeA
1039,2025-04-07 03:34:16,21.5,74.55,BuildingA_Floor1,TypeB
1033,2025-04-06 21:48:26,23.02,55.81,BuildingB_Floor1,TypeB
1065,2025-04-03 06:19:17,31.88,67.62,BuildingA_Floor2,TypeB
1088,2025-04-03 16:35:15,15.08,74.94,BuildingB_Floor1,TypeB
1068,2025-04-04 10:17:07,20.67,50.61,BuildingA_Floor1,TypeC
1092,2025-04-05 06:21:01,24.49,35.7,BuildingB_Floor1,TypeA
1074,2025-04-05 04:20:30,18.65,48.84,BuildingA_Floor1,TypeA
1005,2025-04-07 01:10:04,19.13,39.49,BuildingA_Floor2,TypeA
1027,2025-04-04 15:41:31,28.7,31.54,BuildingB_Floor2,TypeA
1017,2025-04-04 13:47:08,30.16,75.94,BuildingB_Floor2,TypeA
1070,2025-04-05 09:34:40,17.52,64.15,BuildingA_Floor1,TypeA
1028,2025-04-04 16:20:53,15.08,45.54,BuildingB_Floor1,TypeC
1004,2025-04-05 06:12:49,16.26,72.42,BuildingB_Floor1,TypeB
1067,2025-04-03 09:15:25,15.01,71.21,BuildingB_Floor2,TypeC
1004,2025-04-07 14:35:46,16.9,78.51,BuildingB_Floor1,TypeC
1046,2025-04-02 21:57:20,16.66,41.98,BuildingB_Floor2,TypeC
1062,2025-04-04 19:56:27,16.73,45.27,BuildingB_Floor2,TypeB
1096,2025-04-06 12:28:34,34.24,64.53,BuildingA_Floor1,TypeC
1068,2025-04-07 09:55:50,24.08,63.64,BuildingB_Floor2,TypeB
1025,2025-04-06 11:40:01,27.23,38.89,BuildingA_Floor1,TypeA
1065,2025-04-03 19:19:56,29.64,54.18,BuildingB_Floor2,TypeB
1024,2025-04-04 14:55:02,20.99,60.52,BuildingA_Floor1,TypeA
1044,2025-04-03 21:41:50,34.8,51.3,BuildingA_Floor1,TypeA
1069,2025-04-05 03:39:31,24.17,42.91,BuildingB_Floor1,TypeC
1015,2025-04-04 19:24:33,31.99,58.58,BuildingB_Floor2,TypeC
1079,2025-04-06 08:18:51,19.65,61.86,BuildingA_Floor1,TypeC
1030,2025-04-07 16:31:58,18.7,64.56,BuildingB_Floor2,TypeC
1065,2025-04-07 15:43:27,32.56,49.72,BuildingB_Floor2,TypeB
1043,2025-04-02 20:50:42,20.37,50.72,BuildingA_Floor1,TypeB
1081,2025-04-04 22:42:55,29.73,79.72,BuildingA_Floor1,TypeB
1097,2025-04-04 21:02:41,32.3,42.1,BuildingB_Floor1,TypeA
1012,2025-04-07 09:26:07,17.5,66.9,BuildingA_Floor1,TypeA
1016,2025-04-06 20:37:49,29.25,63.96,BuildingB_Floor1,TypeC
1096,2025-04-05 14:44:40,17.67,75.17,BuildingA_Floor1,TypeC
1023,2025-04-04 17:58:52,22.5,51.67,BuildingA_Floor1,TypeA
1050,2025-04-03 19:57:10,25.03,66.98,BuildingB_Floor2,TypeC
1034,2025-04-05 19:08:09,25.76,68.41,BuildingB_Floor1,TypeB
1029,2025-04-07 05:43:49,33.6,44.5,BuildingB_Floor2,TypeA
1090,2025-04-04 14:18:30,29.49,35.05,BuildingA_Floor2,TypeB
1081,2025-04-05 16:23:45,25.14,48.07,BuildingA_Floor2,TypeC
1067,2025-04-04 05:57:05,25.28,71.79,BuildingB_Floor1,TypeC
1077,2025-04-03 16:37:09,32.74,37.91,BuildingA_Floor2,TypeA
1005,2025-04-03 18:30:06,26.76,54.05,BuildingB_Floor2,TypeA
1047,2025-04-06 03:22:27,16.3,65.21,BuildingB_Floor1,TypeC
1024,2025-04-03 17:10:43,24.65,78.06,BuildingB_Floor2,TypeA
1027,2025-04-06 16:38:51,17.81,61.56,BuildingA_Floor2,TypeA
1000,2025-04-05 21:32:10,29.17,65.68,BuildingB_Floor2,TypeA
1004,2025-04-04 01:27:29,25.3,57.73,BuildingB_Floor1,TypeA
1009,2025-04-05 00:02:45,26.8,77.54,BuildingB_Floor2,TypeC
1077,2025-04-05 15:05:52,19.97,76.42,BuildingA_Floor1,TypeA
1085,2025-04-04 07:43:20,26.22,79.79,BuildingB_Floor1,TypeC
1022,2025-04-04 11:26:00,30.21,54.07,BuildingB_Floor1,TypeB
1063,2025-04-02 22:03:26,32.71,73.9,BuildingA_Floor2,TypeA
1061,2025-04-07 02:29:39,26.63,30.13,BuildingB_Floor2,TypeC
1022,2025-04-05 20:14:39,20.76,70.31,BuildingA_Floor1,TypeC
1059,2025-04-04 12:08:29,17.79,76.38,BuildingB_Floor2,TypeC
1037,2025-04-06 03:42:36,23.83,34.38,BuildingB_Floor2,TypeA
1044,2025-04-03 00:05:16,34.43,65.76,BuildingA_Floor1,TypeC
1008,2025-04-06 10:00:39,20.98,68.62,BuildingB_Floor2,TypeA
1055,2025-04-03 17:43:18,31.43,40.94,BuildingA_Floor2,TypeB
1037,2025-04-03 05:29:39,34.35,54.1,BuildingB_Floor1,TypeC
1038,2025-04-03 08:20:48,26.35,67.28,BuildingB_Floor2,TypeC
1040,2025-04-05 08:10:44,26.24,76.71,BuildingA_Floor2,TypeC
1059,2025-04-06 22:30:46,29.92,78.68,BuildingA_Floor1,TypeA
1047,2025-04-02 22:28:31,34.96,76.85,BuildingA_Floor2,TypeA
1052,2025-04-06 15:10:27,17.15,75.4,BuildingA_Floor1,TypeB
1097,2025-04-03 10:20:04,20.51,33.65,BuildingB_Floor1,TypeB
1090,2025-04-04 14:46:23,17.21,43.74,BuildingA_Floor1,TypeB
1050,2025-04-06 11:14:11,20.44,69.15,BuildingA_Floor1,TypeA
1015,2025-04-06 03:33:49,17.94,52.09,BuildingA_Floor2,TypeB
1000,2025-04-03 22:27:00,33.68,78.47,BuildingA_Floor2,TypeA
1044,2025-04-07 16:53:19,34.14,64.5,BuildingB_Floor1,TypeC
1010,2025-04-04 00:31:49,21.8,45.05,BuildingA_Floor2,TypeA
1014,2025-04-04 09:33:58,28.16,47.35,BuildingB_Floor1,TypeA
1059,2025-04-05 09:48:36,29.28,44.63,BuildingB_Floor1,TypeA
1076,2025-04-04 17:46:37,29.94,41.9,BuildingB_Floor2,TypeA
1074,2025-04-07 11:37:45,21.98,48.13,BuildingB_Floor1,TypeC
1048,2025-04-07 14:33:54,19.23,35.59,BuildingA_Floor1,TypeB
1092,2025-04-03 03:17:49,29.46,60.24,BuildingB_Floor1,TypeC
1090,2025-04-03 19:38:21,33.26,74.73,BuildingA_Floor2,TypeC
1095,2025-04-03 17:13:47,22.0,38.2,BuildingB_Floor1,TypeB
1016,2025-04-03 05:25:30,15.22,66.53,BuildingA_Floor2,TypeC
1040,2025-04-05 04:02:18,15.96,67.12,BuildingB_Floor2,TypeC
1056,2025-04-04 06:08:53,25.74,39.93,BuildingA_Floor1,TypeB
1006,2025-04-06 22:55:53,33.23,49.26,BuildingB_Floor2,TypeB
1065,2025-04-05 02:14:54,18.99,55.79,BuildingA_Floor2,TypeA
1039,2025-04-03 06:53:31,32.23,56.41,BuildingB_Floor2,TypeA
1017,2025-04-03 17:32:11,16.6,59.99,BuildingA_Floor2,TypeB
1035,2025-04-06 23:25:27,28.09,33.33,BuildingB_Floor1,TypeB
1024,2025-04-05 15:17:40,22.93,44.88,BuildingA_Floor1,TypeB
1096,2025-04-07 02:20:49,20.05,52.88,BuildingA_Floor2,TypeA
1065,2025-04-06 12:38:37,26.0,57.96,BuildingB_Floor1,TypeC
1014,2025-04-04 16:29:49,24.09,40.52,BuildingB_Floor1,TypeC
1014,2025-04-02 21:51:28,23.25,52.37,BuildingA_Floor2,TypeC
1067,2025-04-06 23:50:04,25.8,37.05,BuildingB_Floor1,TypeC
1032,2025-04-03 16:42:42,30.05,64.22,BuildingB_Floor1,TypeB
1039,2025-04-04 02:09:52,31.53,52.35,BuildingA_Floor2,TypeC
1013,2025-04-05 11:14:57,26.92,68.3,BuildingB_Floor2,TypeB
1083,2025-04-03 19:21:57,28.43,79.18,BuildingB_Floor2,TypeC
1052,2025-04-05 17:01:08,32.33,31.6,BuildingA_Floor1,TypeC
1071,2025-04-07 00:01:52,22.58,30.38,BuildingB_Floor1,TypeA
1016,2025-04-07 10:37:53,27.93,52.73,BuildingA_Floor2,TypeA
1015,2025-04-03 12:46:26,16.11,45.24,BuildingA_Floor2,TypeB
1099,2025-04-06 04:51:23,32.11,51.74,BuildingB_Floor2,TypeB
1002,2025-04-05 17:17:29,20.53,54.2,BuildingB_Floor1,TypeB
1053,2025-04-06 18:28:18,33.67,52.69,BuildingA_Floor2,TypeC
1003,2025-04-07 17:12:24,22.1,76.9,BuildingB_Floor1,TypeB
1005,2025-04-03 00:21:41,28.82,75.79,BuildingA_Floor1,TypeC
1058,2025-04-03 21:58:21,20.6,71.64,BuildingB_Floor1,TypeA
1088,2025-04-06 03:21:12,31.57,54.71,BuildingA_Floor1,TypeC
1055,2025-04-07 08:57:05,25.47,33.31,BuildingB_Floor1,TypeA
1066,2025-04-06 13:26:26,26.78,53.43,BuildingA_Floor1,TypeB
1051,2025-04-04 04:07:29,24.57,41.46,BuildingA_Floor2,TypeB
1080,2025-04-05 20:07:32,18.78,38.07,BuildingA_Floor2,TypeB
1003,2025-04-06 09:42:40,20.74,34.08,BuildingB_Floor2,TypeC
1018,2025-04-05 17:28:41,29.69,42.5,BuildingB_Floor2,TypeC
1054,2025-04-02 20:52:31,31.94,63.26,BuildingB_Floor2,TypeC
1015,2025-04-03 07:59:46,29.95,48.64,BuildingB_Floor1,TypeA
1010,2025-04-04 02:47:52,32.31,56.27,BuildingB_Floor2,TypeC
1084,2025-04-06 20:29:40,15.4,44.72,BuildingA_Floor2,TypeB
1014,2025-04-04 07:09:50,16.2,55.12,BuildingA_Floor1,TypeC
1030,2025-04-05 08:13:27,28.2,62.89,BuildingA_Floor2,TypeC
1070,2025-04-06 03:45:40,33.6,79.59,BuildingB_Floor2,TypeA
1037,2025-04-06 07:07:55,23.62,79.2,BuildingA_Floor1,TypeB
1007,2025-04-07 05:34:03,18.3,56.37,BuildingB_Floor2,TypeA
1040,2025-04-05 17:49:09,17.91,41.54,BuildingB_Floor2,TypeB
1054,2025-04-07 06:16:06,27.9,45.16,BuildingB_Floor2,TypeA
1003,2025-04-06 18:09:56,31.88,72.5,BuildingA_Floor2,TypeB
1093,2025-04-03 14:02:11,18.87,70.8,BuildingA_Floor2,TypeB
1034,2025-04-07 16:38:26,30.62,56.72,BuildingA_Floor1,TypeC
1025,2025-04-06 16:30:20,31.59,54.92,BuildingA_Floor1,TypeA
1084,2025-04-05 05:28:39,17.13,62.52,BuildingA_Floor1,TypeA
1075,2025-04-02 22:39:36,29.41,36.65,BuildingA_Floor2,TypeC
1096,2025-04-06 04:49:38,29.36,70.24,BuildingA_Floor2,TypeA
1027,2025-04-07 04:53:27,25.01,50.0,BuildingB_Floor2,TypeA
1086,2025-04-06 08:44:53,33.26,45.93,BuildingA_Floor1,TypeA
1034,2025-04-06 07:49:42,27.69,75.52,BuildingA_Floor1,TypeA
1036,2025-04-04 01:03:33,15.24,62.37,BuildingB_Floor2,TypeB
1093,2025-04-05 09:34:29,23.76,75.53,BuildingA_Floor1,TypeB
1059,2025-04-02 19:43:47,21.88,48.95,BuildingA_Floor2,TypeC
1045,2025-04-06 01:39:13,27.68,55.19,BuildingA_Floor1,TypeC
1055,2025-04-03 23:35:59,16.31,66.03,BuildingB_Floor2,TypeA
1026,2025-04-03 04:11:40,16.61,31.37,BuildingA_Floor1,TypeC
1061,2025-04-05 16:08:28,15.27,41.12,BuildingA_Floor2,TypeB
1052,2025-04-05 07:54:19,33.41,58.95,BuildingB_Floor2,TypeB
1010,2025-04-06 03:24:58,28.48,76.3,BuildingA_Floor1,TypeA
1030,2025-04-03 03:00:56,24.68,35.39,BuildingA_Floor1,TypeA
1017,2025-04-04 12:41:58,17.78,47.17,BuildingB_Floor1,TypeC
1085,2025-04-06 17:00:39,28.59,55.66,BuildingB_Floor1,TypeB
1057,2025-04-03 13:20:47,16.97,69.03,BuildingA_Floor1,TypeC
1038,2025-04-07 17:37:27,28.57,63.45,BuildingB_Floor1,TypeA
1015,2025-04-04 05:17:00,30.08,79.35,BuildingA_Floor1,TypeA
1012,2025-04-04 11:26:59,22.99,55.83,BuildingB_Floor1,TypeA
1073,2025-04-04 18:17:55,15.9,62.97,BuildingA_Floor1,TypeC
1081,2025-04-02 23:20:20,34.82,39.63,BuildingB_Floor2,TypeB
1090,2025-04-07 02:16:58,25.34,55.23,BuildingA_Floor2,TypeA
1071,2025-04-03 09:19:07,20.25,30.19,BuildingB_Floor2,TypeA
1006,2025-04-02 23:49:34,26.21,67.62,BuildingA_Floor1,TypeA
1090,2025-04-04 05:41:18,18.5,33.42,BuildingB_Floor2,TypeC
1037,2025-04-07 11:04:50,33.81,65.17,BuildingB_Floor2,TypeA
1054,2025-04-05 03:42:38,18.4,47.56,BuildingA_Floor2,TypeC
1076,2025-04-05 22:34:43,22.11,45.69,BuildingB_Floor2,TypeB
1017,2025-04-05 04:44:40,32.82,42.43,BuildingA_Floor2,TypeB
1080,2025-04-04 04:49:07,24.4,65.3,BuildingA_Floor2,TypeB
1024,2025-04-07 05:50:41,29.28,38.78,BuildingA_Floor2,TypeA
1022,2025-04-06 13:30:50,23.74,42.76,BuildingB_Floor1,TypeB
1029,2025-04-06 23:38:39,15.15,45.93,BuildingA_Floor1,TypeB
1002,2025-04-04 08:58:34,34.53,32.15,BuildingB_Floor2,TypeB
1022,2025-04-07 00:49:11,23.49,43.07,BuildingB_Floor1,TypeB
1090,2025-04-03 01:47:33,25.27,72.58,BuildingA_Floor1,TypeB
1098,2025-04-05 01:26:08,33.24,72.64,BuildingB_Floor2,TypeB
1081,2025-04-02 20:24:39,16.77,33.92,BuildingA_Floor1,TypeB
1081,2025-04-06 00:45:21,15.8,40.14,BuildingA_Floor2,TypeA
1005,2025-04-02 21:25:02,20.41,79.29,BuildingA_Floor1,TypeA
1044,2025-04-04 00:35:09,15.32,37.88,BuildingB_Floor1,TypeA
1075,2025-04-03 13:12:36,22.67,31.41,BuildingA_Floor2,TypeB
1035,2025-04-05 02:01:20,21.62,38.54,BuildingB_Floor1,TypeA
1078,2025-04-07 17:19:52,20.12,49.73,BuildingB_Floor1,TypeB
1016,2025-04-05 00:02:30,20.37,36.91,BuildingA_Floor1,TypeB
1058,2025-04-06 14:51:19,25.75,41.81,BuildingB_Floor1,TypeC
1016,2025-04-06 17:11:39,32.79,62.01,BuildingA_Floor2,TypeB
1067,2025-04-06 02:20:28,28.68,38.48,BuildingA_Floor2,TypeA
1038,2025-04-03 03:12:54,21.27,70.43,BuildingB_Floor1,TypeC
1051,2025-04-05 06:47:44,16.76,67.64,BuildingA_Floor2,TypeA
1020,2025-04-03 17:49:26,33.93,40.13,BuildingB_Floor2,TypeC
1072,2025-04-05 02:03:08,24.2,43.09,BuildingA_Floor1,TypeC
1099,2025-04-04 02:30:05,27.67,41.62,BuildingA_Floor1,TypeB
1018,2025-04-03 17:25:58,31.46,51.09,BuildingA_Floor2,TypeA
1018,2025-04-05 00:56:49,16.83,68.24,BuildingB_Floor1,TypeB
1050,2025-04-06 13:53:32,25.77,41.78,BuildingA_Floor2,TypeA
1030,2025-04-03 15:04:23,34.54,37.33,BuildingB_Floor2,TypeB
1030,2025-04-05 06:34:22,16.22,72.2,BuildingA_Floor2,TypeA
1092,2025-04-05 16:00:49,34.44,79.59,BuildingA_Floor2,TypeC
1003,2025-04-06 05:12:48,15.64,40.57,BuildingA_Floor2,TypeA
1050,2025-04-04 05:29:42,25.4,55.67,BuildingA_Floor2,TypeC
1055,2025-04-04 16:24:25,15.98,41.94,BuildingA_Floor2,TypeB
1089,2025-04-02 20:15:55,22.53,50.47,BuildingA_Floor2,TypeC
1011,2025-04-03 13:43:02,33.44,76.87,BuildingA_Floor2,TypeB
1006,2025-04-04 02:54:04,26.76,79.28,BuildingB_Floor2,TypeC
1084,2025-04-03 18:55:35,32.8,69.74,BuildingB_Floor1,TypeA
1053,2025-04-04 08:36:52,16.06,33.74,BuildingB_Floor2,TypeB
1008,2025-04-03 14:08:21,31.57,62.29,BuildingA_Floor2,TypeC
1031,2025-04-06 09:07:42,22.19,43.71,BuildingA_Floor2,TypeA
1022,2025-04-07 12:12:10,25.77,69.84,BuildingA_Floor2,TypeC
1028,2025-04-03 17:01:36,25.83,48.89,BuildingB_Floor1,TypeC
1083,2025-04-07 06:38:24,23.38,30.82,BuildingB_Floor1,TypeB
1084,2025-04-06 08:35:00,16.6,33.41,BuildingB_Floor2,TypeA
1028,2025-04-04 15:55:37,28.53,50.99,BuildingA_Floor1,TypeA
1032,2025-04-06 01:22:29,16.95,51.17,BuildingA_Floor1,TypeB
1095,2025-04-07 16:57:58,15.31,50.04,BuildingB_Floor2,TypeC
1004,2025-04-05 04:43:56,23.81,62.21,BuildingB_Floor2,TypeA
1099,2025-04-05 20:11:28,31.7,62.23,BuildingB_Floor2,TypeC
1009,2025-04-06 13:38:31,33.11,49.39,BuildingA_Floor1,TypeC
1057,2025-04-04 01:08:29,27.71,45.26,BuildingA_Floor1,TypeC
1097,2025-04-05 14:56:40,34.35,57.78,BuildingA_Floor2,TypeB
1019,2025-04-04 17:04:51,24.77,39.73,BuildingA_Floor2,TypeA
1076,2025-04-07 17:56:54,24.67,77.83,BuildingA_Floor1,TypeB
1027,2025-04-03 21:22:36,18.52,30.4,BuildingB_Floor1,TypeB
1100,2025-04-03 02:32:14,17.85,45.79,BuildingB_Floor1,TypeB
1043,2025-04-03 08:07:13,19.89,54.3,BuildingB_Floor1,TypeB
1038,2025-04-02 20:07:02,23.32,46.98,BuildingB_Floor2,TypeB
1029,2025-04-04 20:17:59,33.22,62.72,BuildingB_Floor2,TypeB
1046,2025-04-03 20:39:27,33.06,72.44,BuildingA_Floor1,TypeA
1059,2025-04-06 10:19:35,26.31,50.0,BuildingB_Floor2,TypeB
1062,2025-04-04 05:35:01,20.08,36.61,BuildingA_Floor2,TypeC
1097,2025-04-05 00:50:22,18.16,32.41,BuildingB_Floor1,TypeB
1001,2025-04-06 02:05:15,31.99,39.37,BuildingA_Floor2,TypeC
1053,2025-04-03 17:12:27,20.7,73.42,BuildingB_Floor1,TypeB
1048,2025-04-06 17:14:16,26.42,55.97,BuildingA_Floor1,TypeB
1010,2025-04-06 04:46:31,28.38,70.57,BuildingA_Floor1,TypeB
1061,2025-04-04 17:26:39,31.39,46.65,BuildingA_Floor2,TypeB
1037,2025-04-04 05:54:53,27.71,53.89,BuildingA_Floor2,TypeA
1015,2025-04-06 06:47:10,27.51,76.83,BuildingA_Floor2,TypeB
1014,2025-04-07 07:34:50,17.08,32.61,BuildingA_Floor1,TypeB
1087,2025-04-07 09:00:39,18.26,36.15,BuildingA_Floor2,TypeC
1055,2025-04-06 17:52:41,31.19,60.2,BuildingA_Floor1,TypeA
1028,2025-04-05 17:43:56,26.45,65.39,BuildingB_Floor1,TypeC
1006,2025-04-02 19:13:12,28.61,47.55,BuildingA_Floor1,TypeB
1046,2025-04-05 17:35:51,20.29,74.4,BuildingA_Floor1,TypeC
1098,2025-04-03 06:39:36,18.19,77.02,BuildingA_Floor1,TypeC
1042,2025-04-04 16:10:32,23.71,54.05,BuildingB_Floor2,TypeA
1082,2025-04-05 07:39:15,34.34,62.46,BuildingA_Floor2,TypeC
1015,2025-04-04 11:13:36,30.97,37.05,BuildingA_Floor2,TypeA
1019,2025-04-05 12:24:12,17.35,47.44,BuildingA_Floor1,TypeB
1050,2025-04-06 07:20:59,27.74,33.71,BuildingB_Floor1,TypeA
1028,2025-04-06 14:06:28,22.53,51.62,BuildingB_Floor1,TypeA
1043,2025-04-06 04:33:27,20.98,35.36,BuildingB_Floor1,TypeA
1008,2025-04-04 23:54:07,33.45,63.26,BuildingB_Floor1,TypeC
1004,2025-04-07 02:07:07,29.33,42.6,BuildingB_Floor1,TypeC
1007,2025-04-04 17:14:36,18.42,56.35,BuildingA_Floor2,TypeC
1061,2025-04-07 02:41:48,16.62,75.11,BuildingB_Floor1,TypeC
1069,2025-04-06 17:35:48,18.45,75.51,BuildingB_Floor2,TypeC
1005,2025-04-07 17:27:26,23.76,78.45,BuildingA_Floor1,TypeC
1003,2025-04-06 02:28:44,25.0,33.34,BuildingA_Floor2,TypeA
1047,2025-04-03 00:52:09,32.02,69.76,BuildingB_Floor1,TypeC
1076,2025-04-05 02:39:03,26.03,49.78,BuildingA_Floor1,TypeA
1083,2025-04-05 05:32:14,34.55,79.68,BuildingA_Floor2,TypeC
1083,2025-04-04 13:59:34,32.55,72.08,BuildingA_Floor1,TypeB
1048,2025-04-05 15:21:11,22.66,59.83,BuildingA_Floor1,TypeB
1006,2025-04-04 07:21:00,27.76,30.03,BuildingA_Floor2,TypeC
1059,2025-04-06 07:14:01,19.49,74.73,BuildingA_Floor2,TypeB
1080,2025-04-04 20:43:11,25.53,62.12,BuildingB_Floor2,TypeC
1069,2025-04-04 11:16:01,31.82,59.55,BuildingB_Floor1,TypeA
1033,2025-04-07 16:34:52,23.03,31.43,BuildingB_Floor2,TypeA
1085,2025-04-06 03:24:19,31.84,64.83,BuildingB_Floor1,TypeB
1006,2025-04-06 16:20:26,28.48,56.71,BuildingA_Floor2,TypeB
1071,2025-04-03 08:31:11,32.01,45.33,BuildingA_Floor2,TypeB
1036,2025-04-05 14:54:20,30.84,35.78,BuildingA_Floor1,TypeB
1022,2025-04-05 22:30:12,21.22,79.37,BuildingA_Floor1,TypeB
1098,2025-04-04 04:14:54,32.0,47.89,BuildingA_Floor2,TypeA
1057,2025-04-04 21:50:12,16.74,40.07,BuildingA_Floor1,TypeA
1088,2025-04-06 19:07:13,24.18,60.65,BuildingA_Floor2,TypeA
1059,2025-04-04 14:41:24,15.02,69.01,BuildingA_Floor1,TypeB
1080,2025-04-03 04:38:46,20.29,50.58,BuildingA_Floor2,TypeC
1097,2025-04-06 16:17:43,19.91,41.06,BuildingA_Floor1,TypeB
1002,2025-04-07 12:02:18,28.96,72.04,BuildingA_Floor2,TypeC
1050,2025-04-03 04:37:45,29.11,36.84,BuildingB_Floor1,TypeA
1024,2025-04-03 04:40:18,19.24,36.96,BuildingA_Floor2,TypeB
1062,2025-04-02 23:07:43,18.39,39.63,BuildingB_Floor2,TypeC
1069,2025-04-04 00:53:45,21.9,61.4,BuildingB_Floor1,TypeB
1055,2025-04-07 17:18:04,32.22,52.02,BuildingB_Floor2,TypeA
1037,2025-04-04 12:46:13,29.16,47.71,BuildingB_Floor1,TypeC
1098,2025-04-06 23:33:28,22.06,56.92,BuildingB_Floor1,TypeB
1027,2025-04-07 14:45:36,16.06,48.06,BuildingA_Floor1,TypeC
1092,2025-04-04 17:27:47,26.85,45.24,BuildingA_Floor1,TypeB
1062,2025-04-04 00:54:11,17.41,42.47,BuildingB_Floor1,TypeA
1055,2025-04-03 14:59:53,15.69,66.88,BuildingB_Floor2,TypeB
1096,2025-04-06 14:44:24,23.58,64.63,BuildingB_Floor2,TypeB
1081,2025-04-05 12:32:48,24.84,56.86,BuildingB_Floor2,TypeA
1031,2025-04-06 08:13:35,22.16,73.2,BuildingA_Floor1,TypeA
1016,2025-04-07 17:10:50,22.23,63.42,BuildingB_Floor2,TypeB
1003,2025-04-02 21:29:56,25.22,61.52,BuildingA_Floor1,TypeB
1055,2025-04-06 09:25:08,18.89,46.85,BuildingB_Floor2,TypeA
1044,2025-04-06 22:39:08,34.23,71.93,BuildingB_Floor2,TypeA
1021,2025-04-05 23:04:08,31.0,47.57,BuildingB_Floor2,TypeB
1030,2025-04-04 20:16:31,26.34,66.94,BuildingB_Floor2,TypeC
1018,2025-04-06 20:26:52,27.85,48.57,BuildingB_Floor1,TypeA
1024,2025-04-06 02:14:00,23.16,45.22,BuildingB_Floor2,TypeA
1023,2025-04-06 22:41:38,20.07,70.82,BuildingA_Floor1,TypeA
1045,2025-04-07 02:24:13,34.5,38.95,BuildingB_Floor2,TypeB
1076,2025-04-05 03:37:15,32.39,60.08,BuildingB_Floor1,TypeA
1023,2025-04-05 22:28:35,15.4,51.43,BuildingB_Floor2,TypeC
1080,2025-04-03 11:27:38,20.38,43.2,BuildingA_Floor1,TypeA
1079,2025-04-03 02:35:14,17.93,35.23,BuildingB_Floor1,TypeB
1012,2025-04-07 07:30:04,25.63,74.18,BuildingA_Floor1,TypeA
1060,2025-04-06 07:19:42,21.74,77.92,BuildingB_Floor2,TypeC
1030,2025-04-03 13:52:48,21.16,54.49,BuildingB_Floor2,TypeB
1006,2025-04-07 11:58:59,31.6,53.22,BuildingB_Floor1,TypeB
1042,2025-04-06 19:33:44,17.95,30.64,BuildingA_Floor2,TypeA
1100,2025-04-04 18:21:42,34.02,46.94,BuildingA_Floor1,TypeB
1039,2025-04-03 01:50:47,20.19,58.49,BuildingB_Floor2,TypeA
1000,2025-04-06 07:54:41,34.41,32.94,BuildingB_Floor2,TypeA
1001,2025-04-06 15:18:20,23.63,52.04,BuildingA_Floor2,TypeA
1007,2025-04-05 21:48:52,18.11,51.32,BuildingB_Floor1,TypeA
1099,2025-04-06 16:04:38,25.65,67.76,BuildingA_Floor2,TypeB
1060,2025-04-06 20:42:48,15.43,30.88,BuildingB_Floor2,TypeA
1016,2025-04-06 18:02:21,16.96,58.04,BuildingA_Floor2,TypeB
1027,2025-04-05 01:24:37,32.88,51.47,BuildingA_Floor2,TypeA
1011,2025-04-06 22:11:33,28.78,37.21,BuildingB_Floor1,TypeB
1085,2025-04-07 13:46:31,17.63,69.5,BuildingB_Floor2,TypeB
1077,2025-04-07 13:02:17,32.28,47.66,BuildingB_Floor1,TypeC
1015,2025-04-06 18:23:17,24.22,50.48,BuildingA_Floor1,TypeC
1091,2025-04-04 23:49:53,33.64,36.91,BuildingB_Floor2,TypeA
1052,2025-04-03 20:37:06,31.38,38.73,BuildingA_Floor1,TypeB
1027,2025-04-05 01:55:16,29.15,68.53,BuildingB_Floor1,TypeC
1099,2025-04-07 00:37:57,29.99,56.47,BuildingB_Floor1,TypeB
1077,2025-04-05 07:53:08,27.81,43.76,BuildingA_Floor2,TypeC
1088,2025-04-06 02:54:54,26.61,62.81,BuildingA_Floor1,TypeB
1093,2025-04-04 06:13:52,21.71,73.88,BuildingB_Floor1,TypeA
1053,2025-04-04 07:26:11,27.9,50.94,BuildingB_Floor1,TypeA
1001,2025-04-07 08:28:42,30.14,38.45,BuildingB_Floor2,TypeB
1082,2025-04-07 16:08:47,31.35,45.2,BuildingA_Floor2,TypeB
1029,2025-04-04 05:55:49,30.33,30.9,BuildingA_Floor2,TypeA
1058,2025-04-04 20:34:12,18.27,55.29,BuildingA_Floor1,TypeB
1009,2025-04-07 18:28:18,15.92,71.92,BuildingB_Floor2,TypeB
1081,2025-04-04 23:13:52,23.29,68.28,BuildingA_Floor1,TypeC
1008,2025-04-02 19:59:10,17.42,43.33,BuildingA_Floor2,TypeB
1100,2025-04-03 10:04:49,26.76,40.63,BuildingB_Floor1,TypeB
1034,2025-04-07 09:56:29,18.34,60.06,BuildingB_Floor2,TypeA
1074,2025-04-05 00:37:04,20.09,75.28,BuildingB_Floor1,TypeB
1050,2025-04-04 15:26:36,21.66,49.95,BuildingA_Floor2,TypeA
1088,2025-04-05 14:31:41,29.22,63.25,BuildingB_Floor2,TypeA
1036,2025-04-02 22:51:46,15.37,59.81,BuildingB_Floor2,TypeB
1042,2025-04-05 01:39:54,20.62,35.53,BuildingB_Floor1,TypeC
1039,2025-04-07 05:04:11,27.91,39.47,BuildingA_Floor1,TypeB
1077,2025-04-06 15:26:43,18.36,46.44,BuildingA_Floor2,TypeC
1048,2025-04-06 13:26:36,25.95,52.24,BuildingB_Floor1,TypeB
1095,2025-04-03 17:07:59,32.12,78.89,BuildingB_Floor1,TypeB
1049,2025-04-05 17:48:43,31.08,58.41,BuildingA_Floor1,TypeB
1011,2025-04-04 02:09:24,26.62,59.54,BuildingA_Floor2,TypeB
1017,2025-04-07 01:13:52,19.84,40.24,BuildingA_Floor2,TypeC
1042,2025-04-07 02:22:40,22.05,60.6,BuildingB_Floor1,TypeB
1097,2025-04-02 23:51:02,17.15,45.34,BuildingA_Floor1,TypeA
1045,2025-04-04 20:23:40,34.28,32.0,BuildingB_Floor2,TypeA
1070,2025-04-05 12:25:47,17.35,62.7,BuildingA_Floor2,TypeC
1064,2025-04-04 00:37:36,28.97,77.96,BuildingB_Floor1,TypeC
1091,2025-04-06 13:31:19,27.27,46.35,BuildingA_Floor1,TypeB
1047,2025-04-06 08:14:14,33.94,55.28,BuildingA_Floor1,TypeC
1039,2025-04-05 17:28:52,31.37,49.56,BuildingB_Floor1,TypeB
1096,2025-04-04 10:23:16,16.5,33.39,BuildingB_Floor2,TypeA
1073,2025-04-07 13:58:12,27.62,45.68,BuildingA_Floor2,TypeA
1068,2025-04-03 19:20:02,27.54,72.34,BuildingB_Floor1,TypeB
1026,2025-04-04 14:45:00,23.31,60.02,BuildingB_Floor1,TypeC
1090,2025-04-04 09:42:00,17.63,39.23,BuildingA_Floor2,TypeC
1075,2025-04-07 17:38:00,19.56,71.62,BuildingB_Floor2,TypeC
1020,2025-04-04 02:56:08,32.56,41.86,BuildingA_Floor1,TypeC
1028,2025-04-04 08:53:09,24.88,44.13,BuildingA_Floor1,TypeB
1040,2025-04-04 12:44:23,28.85,68.29,BuildingA_Floor2,TypeC
1096,2025-04-03 18:42:05,18.56,54.16,BuildingB_Floor2,TypeA
1037,2025-04-04 20:43:48,24.83,50.33,BuildingB_Floor1,TypeC
1018,2025-04-06 10:31:55,25.51,75.93,BuildingB_Floor2,TypeA
1051,2025-04-04 08:43:26,21.4,32.05,BuildingA_Floor2,TypeA
1084,2025-04-03 04:54:35,15.12,55.95,BuildingA_Floor2,TypeC
1086,2025-04-04 03:53:49,33.18,65.43,BuildingB_Floor2,TypeB
1057,2025-04-05 08:09:07,24.72,34.11,BuildingB_Floor1,TypeA
1007,2025-04-02 23:48:57,24.95,43.84,BuildingB_Floor2,TypeA
1010,2025-04-05 00:39:23,26.79,61.94,BuildingA_Floor2,TypeA
1066,2025-04-03 21:19:55,19.43,65.87,BuildingA_Floor2,TypeB
1083,2025-04-03 13:32:07,25.64,70.79,BuildingA_Floor1,TypeC
1069,2025-04-04 22:33:53,28.66,51.3,BuildingA_Floor1,TypeC
1027,2025-04-04 14:48:22,28.14,34.25,BuildingB_Floor2,TypeB
1050,2025-04-06 04:57:18,18.13,48.8,BuildingA_Floor1,TypeB
1014,2025-04-05 14:50:13,21.28,62.91,BuildingB_Floor1,TypeB
1014,2025-04-04 01:14:32,22.49,45.35,BuildingA_Floor1,TypeB
1096,2025-04-06 12:42:22,33.19,57.16,BuildingB_Floor1,TypeC
1044,2025-04-02 20:16:00,25.87,44.31,BuildingB_Floor2,TypeA
1012,2025-04-03 12:04:56,18.78,42.52,BuildingB_Floor1,TypeB
1091,2025-04-04 03:05:10,22.6,45.12,BuildingB_Floor1,TypeC
1019,2025-04-06 08:44:34,24.8,47.0,BuildingB_Floor1,TypeB
1056,2025-04-05 13:50:43,16.11,37.61,BuildingA_Floor1,TypeB
1022,2025-04-04 15:14:38,28.46,44.35,BuildingB_Floor2,TypeB
1055,2025-04-07 08:18:44,30.37,75.74,BuildingA_Floor1,TypeB
1078,2025-04-04 19:27:58,30.48,48.06,BuildingB_Floor2,TypeB
1043,2025-04-02 23:15:57,19.82,59.68,BuildingA_Floor1,TypeA
1012,2025-04-07 16:53:21,33.03,36.49,BuildingB_Floor1,TypeB
1066,2025-04-03 06:06:08,28.52,59.99,BuildingA_Floor2,TypeA
1044,2025-04-03 05:16:29,23.84,41.35,BuildingA_Floor1,TypeC
1032,2025-04-04 23:16:54,21.37,64.46,BuildingB_Floor1,TypeA
1052,2025-04-06 09:51:18,29.81,46.97,BuildingB_Floor1,TypeB
1077,2025-04-06 06:15:59,23.46,37.59,BuildingB_Floor2,TypeA
1060,2025-04-02 20:24:42,18.4,71.02,BuildingB_Floor2,TypeA
1025,2025-04-05 09:38:38,18.29,79.71,BuildingB_Floor1,TypeA
1007,2025-04-06 15:47:36,19.47,62.44,BuildingA_Floor1,TypeC
1064,2025-04-06 13:10:40,17.92,72.43,BuildingA_Floor1,TypeA
1028,2025-04-07 07:03:32,33.71,35.68,BuildingB_Floor1,TypeB
1018,2025-04-06 13:10:22,16.02,63.64,BuildingA_Floor1,TypeA
1081,2025-04-03 15:06:54,31.34,78.79,BuildingA_Floor1,TypeA
1039,2025-04-04 09:09:04,22.64,62.7,BuildingA_Floor2,TypeC
1039,2025-04-02 20:56:43,25.14,68.87,BuildingA_Floor1,TypeB
1054,2025-04-05 01:45:18,23.07,51.1,BuildingB_Floor2,TypeA
1079,2025-04-07 15:17:12,21.28,36.53,BuildingA_Floor2,TypeB
1018,2025-04-05 19:52:02,22.81,72.48,BuildingA_Floor2,TypeB
1099,2025-04-06 04:29:05,21.25,54.19,BuildingB_Floor2,TypeC
1051,2025-04-05 13:27:46,29.56,43.39,BuildingB_Floor1,TypeA
1029,2025-04-04 05:12:53,27.69,30.26,BuildingB_Floor2,TypeC
1063,2025-04-05 07:28:52,19.77,68.5,BuildingA_Floor2,TypeC
1044,2025-04-03 20:39:01,17.03,63.1,BuildingB_Floor2,TypeA
1071,2025-04-05 23:53:32,32.23,31.66,BuildingA_Floor1,TypeC
1015,2025-04-06 14:50:47,19.35,76.29,BuildingB_Floor1,TypeB
1075,2025-04-03 15:39:46,34.3,49.88,BuildingA_Floor2,TypeC
1096,2025-04-07 00:35:21,25.78,40.96,BuildingB_Floor2,TypeC
1040,2025-04-05 13:34:48,25.53,65.29,BuildingA_Floor2,TypeC
1016,2025-04-06 07:02:08,30.67,31.8,BuildingA_Floor1,TypeA
